Timestamp,Phrase,Frequency
28-01-2025 23:42,I need some chai,25
28-01-2025 11:01,Where's the remote?,12
28-01-2025 08:01,I need a break,11
28-01-2025 03:00,Let's meet up,25
28-01-2025 10:21,Happy Monday!,13
28-01-2025 21:07,Good morning!,16
28-01-2025 12:19,I love coding!,12
28-01-2025 02:57,Good morning!,11
28-01-2025 14:03,Good morning!,18
28-01-2025 22:37,I miss you,22
28-01-2025 20:54,Time for snacks,19
28-01-2025 21:32,I miss you,25
28-01-2025 12:26,Time for snacks,26
28-01-2025 09:13,Let's go for a walk,24
28-01-2025 20:50,Where's my coffee?,14
28-01-2025 06:40,I'm feeling sleepy,22
28-01-2025 05:10,I'm feeling sleepy,17
28-01-2025 12:12,Where's my coffee?,28
28-01-2025 23:17,Can we play music?,18
28-01-2025 16:12,Can we watch a movie?,29
28-01-2025 21:09,I understand,28
28-01-2025 03:49,Let's go for a walk,11
28-01-2025 22:52,I need a break,24
28-01-2025 07:47,Can we play music?,17
28-01-2025 18:52,Can we watch a movie?,18
28-01-2025 04:33,What's for lunch?,26
28-01-2025 08:53,Let's meet up,22
28-01-2025 00:43,I need some chai,26
28-01-2025 23:54,Let's meet up,25
28-01-2025 14:11,I'm feeling sleepy,30
28-01-2025 10:29,I need a break,23
28-01-2025 06:23,I understand,16
28-01-2025 14:19,I need some chai,20
28-01-2025 00:58,Where's my coffee?,26
28-01-2025 10:40,I understand,18
28-01-2025 02:31,I'm feeling sleepy,27
28-01-2025 03:32,I'm excited!,12
28-01-2025 17:10,Let's meet up,22
28-01-2025 14:08,I'm feeling sleepy,27
28-01-2025 21:36,I need some chai,21
28-01-2025 05:24,Where's the remote?,30
28-01-2025 18:07,Happy Monday!,24
28-01-2025 20:35,Can we play music?,14
28-01-2025 11:10,I'm happy,21
28-01-2025 11:03,Where's my coffee?,21
28-01-2025 15:52,Where's my coffee?,21
28-01-2025 18:33,Let's meet up,21
28-01-2025 06:05,What's for lunch?,15
28-01-2025 13:03,Good morning!,25
28-01-2025 17:43,Can we watch a movie?,18
28-01-2025 02:40,Let's go for a walk,19
28-01-2025 11:28,I miss you,24
28-01-2025 06:15,I need some chai,30
28-01-2025 09:06,Let's meet up,14
28-01-2025 22:23,I'm feeling sleepy,29
28-01-2025 14:27,I need some chai,24
28-01-2025 06:37,Let's meet up,25
28-01-2025 10:29,Where's the remote?,29
28-01-2025 17:44,Happy Monday!,13
28-01-2025 16:54,Let's go for a walk,25
28-01-2025 21:42,I love coding!,12
28-01-2025 22:16,I'm feeling sleepy,19
28-01-2025 20:53,Let's go for a walk,21
28-01-2025 00:51,Let's go for a walk,26
28-01-2025 01:15,Where's my coffee?,28
28-01-2025 11:34,Where's the remote?,14
28-01-2025 00:55,Where's the remote?,19
28-01-2025 11:04,Where's my coffee?,11
28-01-2025 18:25,Good night!,29
28-01-2025 04:35,Can we watch a movie?,20
28-01-2025 15:51,Please call,18
28-01-2025 13:16,What's for lunch?,13
28-01-2025 20:14,What's for lunch?,19
28-01-2025 05:57,I understand,15
28-01-2025 09:57,I'm happy,24
28-01-2025 03:03,What's for lunch?,19
28-01-2025 01:53,Good night!,21
28-01-2025 03:17,Time for snacks,23
28-01-2025 20:21,I love coding!,27
28-01-2025 23:12,Can we watch a movie?,24
28-01-2025 10:39,Can we play music?,14
28-01-2025 08:19,Can we watch a movie?,30
28-01-2025 17:30,Can we watch a movie?,12
28-01-2025 19:43,Where's my coffee?,17
28-01-2025 13:57,Good morning!,28
28-01-2025 10:25,Let's go for a walk,12
28-01-2025 01:00,Good night!,15
28-01-2025 14:41,Where's the remote?,14
28-01-2025 00:57,Can we play music?,27
28-01-2025 15:47,Happy Monday!,30
28-01-2025 04:16,Happy Monday!,27
28-01-2025 01:36,Where's the remote?,19
28-01-2025 10:23,I'm happy,10
28-01-2025 16:38,I'm happy,21
28-01-2025 09:46,Where's my coffee?,15
28-01-2025 10:35,Happy Monday!,25
28-01-2025 10:26,I need some chai,22
28-01-2025 18:10,I'm happy,16
28-01-2025 16:52,Where's the remote?,19
28-01-2025 00:37,What's for lunch?,27
